id,first_name,last_name,email,phone_no,address,city_id,created_at
101,Tyler,Adams,heatherwang@example.com,785-738-1251,15996 Rose Circles,103B,2024-09-17 05:26:24
102,Laura,Day,vsmith@example.com,(813)374-9724x93891,8827 Davis Land Apt. 050,103B,2024-09-20 22:47:29
103,Thomas,Gibbs,francisberry@example.org,963-850-8013x486,1615 Kimberly Brook Apt. 790,101E,2024-09-16 09:07:26
104,Melissa,Ryan,kdavis@example.com,611.702.2020,80394 Eduardo Lodge,102B,2024-09-17 21:19:40
105,Amber,Walker,boydjustin@example.net,365-302-8742x15648,14774 Glover Ridge,101D,2024-09-13 19:31:55
106,Mariah,Berry,johndavila@example.org,+1-372-431-4604,76808 Simpson Estate Apt. 583,101A,2024-09-12 05:10:48
107,James,Vasquez,iwalters@example.net,330-950-3132,7325 Williamson Cove,101B,2024-09-18 11:39:35
108,Richard,Bruce,graycaitlin@example.com,001-218-977-3788x11328,8968 Rice Ramp Apt. 083,102B,2024-09-19 15:23:00
109,Joshua,Lowe,larry47@example.org,218-885-8667,94750 Sanchez Gardens,103A,2024-09-18 03:28:04
110,Aaron,Lambert,john86@example.net,+1-965-789-5747x32966,9606 Craig Courts Apt. 859,102C,2024-09-03 21:20:43
111,Michael,Weaver,joshuasimpson@example.com,704.299.1515,07194 Weeks Crescent Apt. 762,103A,2024-09-26 06:06:19
112,Sally,Hall,padillabrandon@example.com,001-968-978-3023x44553,97469 Ayers Shore Apt. 287,103A,2024-09-26 06:22:10
113,Joshua,Hawkins,stricklandandrea@example.net,741-368-6341,2200 Andrew Square Apt. 875,103A,2024-09-13 05:31:49
114,Krystal,Carson,margaret95@example.net,001-980-897-6808x0496,1751 Hopkins Junction,103A,2024-09-06 01:45:17
115,Nicole,Wilkins,nolanerin@example.org,+1-873-797-0952x8208,7978 Kim Expressway Suite 824,101A,2024-09-03 19:58:56
116,Joe,Davis,beltrantodd@example.com,+1-378-828-9661,26685 Roberson Hollow,103B,2024-09-07 03:55:15
117,Joseph,Bailey,dsingh@example.com,979.471.4792x539,893 Johnson Isle Apt. 060,103B,2024-09-06 15:23:33
118,Rodney,Berry,raychristopher@example.com,+1-741-296-2937x891,210 Sarah Ford Suite 475,101C,2024-09-12 03:10:47
119,Zachary,Acosta,carrienichols@example.org,541.221.4485,429 Jennifer Walk Suite 863,102B,2024-09-04 21:35:04
120,Wyatt,Williams,hugheskayla@example.net,800.401.8328x60638,95296 Rose Fords,101A,2024-09-05 05:04:30
121,Debbie,Palmer,ischultz@example.net,001-958-850-6638x0391,45059 Patel Meadows,103B,2024-09-13 11:34:17
122,Peter,Morris,redwards@example.com,322-312-6597x47687,1185 Mccarty Locks,102C,2024-09-06 04:34:06
123,Beth,Jackson,dellis@example.org,+1-412-867-1852,1922 Fleming Turnpike Apt. 536,102B,2024-09-11 20:16:57
124,Tim,Rice,jackiethornton@example.org,001-675-457-7582x839,636 Davis Ridge,101E,2024-09-14 20:02:06
125,Maxwell,Monroe,andrewhinton@example.com,001-665-281-1067,19219 Connor Mountain,103A,2024-09-01 02:55:51
126,Katie,Perez,dianespencer@example.net,001-389-246-1824,9908 Alison Corner,102C,2024-09-14 22:56:37
127,Angela,Martinez,stephenmoore@example.net,001-634-414-4574x865,087 Sarah Key Apt. 109,101C,2024-09-23 16:33:34
128,Marcus,Allen,jasonortega@example.com,(722)687-7670x4898,60423 Darius Points,103B,2024-09-05 03:10:28
129,Chad,Stanton,jill69@example.org,728.528.5060x93937,646 David Turnpike,102C,2024-09-17 09:17:59
130,Andrea,Phillips,hannah24@example.com,950.244.2668,966 Donna Mountains,102C,2024-09-10 05:28:04
131,Brian,Pollard,samanthaford@example.net,813.996.3255,00568 Rodney Orchard Apt. 838,103B,2024-09-13 01:32:21
132,Daniel,Ortiz,goodwinkristen@example.com,(238)260-8299x386,024 Daniel Row,101E,2024-09-09 06:07:37
133,Ronald,Cooper,amandamaynard@example.com,561.640.5398x369,6596 Cook Square Apt. 789,101A,2024-09-23 07:41:54
134,Elizabeth,Rose,websteramy@example.com,442.313.0456x6127,6796 Buck Street,103B,2024-09-26 07:01:22
135,Melinda,Walters,xferguson@example.com,(365)709-2119x011,6178 Cynthia Highway Apt. 685,102C,2024-09-25 03:14:44
136,Kenneth,Robinson,christopherjefferson@example.com,888.963.5455,1814 Mackenzie Trace Apt. 916,103B,2024-09-09 12:10:08
137,Angela,Douglas,ambersmith@example.com,241-759-2972x3814,706 Spencer Extension,103B,2024-09-17 03:09:23
138,Aaron,Henderson,ginawilliamson@example.com,367-242-7117x57422,01745 Nguyen Cliffs,102C,2024-09-04 05:57:26
139,Angel,Kent,jonesjohn@example.org,641.289.4487x8927,897 George Hollow,101E,2024-09-24 22:00:21
140,Philip,Mcdaniel,noah54@example.org,001-252-254-2017x64967,706 Bill Rapid Suite 358,102C,2024-09-05 14:20:15
141,Luis,Garner,dennis42@example.net,7903778247,93082 Rachel Passage,101E,2024-09-22 03:13:59
142,Shawn,Avila,yolandajones@example.com,817.458.9587x4482,4498 Stephens Garden,101E,2024-09-01 02:04:10
143,Lacey,Miller,andrewtaylor@example.com,+1-825-846-0548x4897,692 Kristin Falls,102C,2024-09-19 22:38:22
144,Timothy,Becker,moorechristopher@example.com,001-627-558-5168,7827 Larsen Route Apt. 997,101D,2024-09-22 01:09:58
145,Juan,Gross,wesley84@example.net,(468)661-5981x328,71724 Fitzgerald Trail Apt. 069,101D,2024-09-12 05:41:51
146,Robert,Hawkins,james79@example.com,+1-442-355-5834x106,3112 Jill Roads Apt. 199,101A,2024-09-24 19:28:20
147,Joshua,Evans,david61@example.net,265-998-5399x8412,847 Watkins Pines,101E,2024-09-12 11:48:19
148,Timothy,Ramirez,vwu@example.org,+1-437-988-9413x979,53460 Bradford Lights Suite 541,102B,2024-09-22 11:09:58
149,Christopher,Blackwell,travis56@example.com,001-309-701-1995x7825,083 Carter Ramp Suite 473,101A,2024-09-14 14:36:14
150,Andrew,Carter,davismatthew@example.com,(757)445-7304x4400,499 Gary Landing Apt. 913,101A,2024-09-06 09:43:46
